--
-- PostgreSQL database dump
--

-- Dumped from database version 17.0
-- Dumped by pg_dump version 17.0

SET statement_timeout = 0;
SET lock_timeout = 0;
SET idle_in_transaction_session_timeout = 0;
SET transaction_timeout = 0;
SET client_encoding = 'UTF8';
SET standard_conforming_strings = on;
SELECT pg_catalog.set_config('search_path', '', false);
SET check_function_bodies = false;
SET xmloption = content;
SET client_min_messages = warning;
SET row_security = off;

SET default_tablespace = '';

SET default_table_access_method = heap;

--
-- Name: AspNetRoleClaims; Type: TABLE; Schema: public; Owner: postgres
--

CREATE TABLE public."AspNetRoleClaims" (
    "Id" integer NOT NULL,
    "RoleId" text NOT NULL,
    "ClaimType" text,
    "ClaimValue" text
);


ALTER TABLE public."AspNetRoleClaims" OWNER TO postgres;

--
-- Name: AspNetRoleClaims_Id_seq; Type: SEQUENCE; Schema: public; Owner: postgres
--

ALTER TABLE public."AspNetRoleClaims" ALTER COLUMN "Id" ADD GENERATED BY DEFAULT AS IDENTITY (
    SEQUENCE NAME public."AspNetRoleClaims_Id_seq"
    START WITH 1
    INCREMENT BY 1
    NO MINVALUE
    NO MAXVALUE
    CACHE 1
);


--
-- Name: AspNetRoles; Type: TABLE; Schema: public; Owner: postgres
--

CREATE TABLE public."AspNetRoles" (
    "Id" text NOT NULL,
    "Name" character varying(256),
    "NormalizedName" character varying(256),
    "ConcurrencyStamp" text
);


ALTER TABLE public."AspNetRoles" OWNER TO postgres;

--
-- Name: AspNetUserClaims; Type: TABLE; Schema: public; Owner: postgres
--

CREATE TABLE public."AspNetUserClaims" (
    "Id" integer NOT NULL,
    "UserId" text NOT NULL,
    "ClaimType" text,
    "ClaimValue" text
);


ALTER TABLE public."AspNetUserClaims" OWNER TO postgres;

--
-- Name: AspNetUserClaims_Id_seq; Type: SEQUENCE; Schema: public; Owner: postgres
--

ALTER TABLE public."AspNetUserClaims" ALTER COLUMN "Id" ADD GENERATED BY DEFAULT AS IDENTITY (
    SEQUENCE NAME public."AspNetUserClaims_Id_seq"
    START WITH 1
    INCREMENT BY 1
    NO MINVALUE
    NO MAXVALUE
    CACHE 1
);


--
-- Name: AspNetUserLogins; Type: TABLE; Schema: public; Owner: postgres
--

CREATE TABLE public."AspNetUserLogins" (
    "LoginProvider" text NOT NULL,
    "ProviderKey" text NOT NULL,
    "ProviderDisplayName" text,
    "UserId" text NOT NULL
);


ALTER TABLE public."AspNetUserLogins" OWNER TO postgres;

--
-- Name: AspNetUserRoles; Type: TABLE; Schema: public; Owner: postgres
--

CREATE TABLE public."AspNetUserRoles" (
    "UserId" text NOT NULL,
    "RoleId" text NOT NULL
);


ALTER TABLE public."AspNetUserRoles" OWNER TO postgres;

--
-- Name: AspNetUserTokens; Type: TABLE; Schema: public; Owner: postgres
--

CREATE TABLE public."AspNetUserTokens" (
    "UserId" text NOT NULL,
    "LoginProvider" text NOT NULL,
    "Name" text NOT NULL,
    "Value" text
);


ALTER TABLE public."AspNetUserTokens" OWNER TO postgres;

--
-- Name: AspNetUsers; Type: TABLE; Schema: public; Owner: postgres
--

CREATE TABLE public."AspNetUsers" (
    "Id" text NOT NULL,
    "UserName" character varying(256),
    "NormalizedUserName" character varying(256),
    "Email" character varying(256),
    "NormalizedEmail" character varying(256),
    "EmailConfirmed" boolean NOT NULL,
    "PasswordHash" text,
    "SecurityStamp" text,
    "ConcurrencyStamp" text,
    "PhoneNumber" text,
    "PhoneNumberConfirmed" boolean NOT NULL,
    "TwoFactorEnabled" boolean NOT NULL,
    "LockoutEnd" timestamp with time zone,
    "LockoutEnabled" boolean NOT NULL,
    "AccessFailedCount" integer NOT NULL,
    "FirstName" text,
    "LastName" text
);


ALTER TABLE public."AspNetUsers" OWNER TO postgres;

--
-- Name: __EFMigrationsHistory; Type: TABLE; Schema: public; Owner: postgres
--

CREATE TABLE public."__EFMigrationsHistory" (
    "MigrationId" character varying(150) NOT NULL,
    "ProductVersion" character varying(32) NOT NULL
);


ALTER TABLE public."__EFMigrationsHistory" OWNER TO postgres;

--
-- Data for Name: AspNetRoleClaims; Type: TABLE DATA; Schema: public; Owner: postgres
--

COPY public."AspNetRoleClaims" ("Id", "RoleId", "ClaimType", "ClaimValue") FROM stdin;
\.


--
-- Data for Name: AspNetRoles; Type: TABLE DATA; Schema: public; Owner: postgres
--

COPY public."AspNetRoles" ("Id", "Name", "NormalizedName", "ConcurrencyStamp") FROM stdin;
fd51810e-b4de-4192-ba23-b5b36e24583e	Admin	ADMIN	\N
806fd14f-232e-476a-a4fd-90455202c0fe	Moderator	MODERATOR	\N
b1322bef-0b02-4dbe-a5f9-9237d407fba9	Member	MEMBER	\N
\.


--
-- Data for Name: AspNetUserClaims; Type: TABLE DATA; Schema: public; Owner: postgres
--

COPY public."AspNetUserClaims" ("Id", "UserId", "ClaimType", "ClaimValue") FROM stdin;
\.


--
-- Data for Name: AspNetUserLogins; Type: TABLE DATA; Schema: public; Owner: postgres
--

COPY public."AspNetUserLogins" ("LoginProvider", "ProviderKey", "ProviderDisplayName", "UserId") FROM stdin;
\.


--
-- Data for Name: AspNetUserRoles; Type: TABLE DATA; Schema: public; Owner: postgres
--

COPY public."AspNetUserRoles" ("UserId", "RoleId") FROM stdin;
1ee532bf-b2c9-4c1f-b5ad-3998c5a93cbe	fd51810e-b4de-4192-ba23-b5b36e24583e
1852447d-517d-439b-90b3-0fc6e26b1e90	b1322bef-0b02-4dbe-a5f9-9237d407fba9
f5e4e780-1deb-4a44-86f8-c9583817d5fa	b1322bef-0b02-4dbe-a5f9-9237d407fba9
7c6fa024-663a-4c2f-ad7f-b45238ba60f0	806fd14f-232e-476a-a4fd-90455202c0fe
e8959b32-8258-4a42-91b8-c759bfe3643a	b1322bef-0b02-4dbe-a5f9-9237d407fba9
66538494-70bc-485c-a858-608930f7bd3b	b1322bef-0b02-4dbe-a5f9-9237d407fba9
\.


--
-- Data for Name: AspNetUserTokens; Type: TABLE DATA; Schema: public; Owner: postgres
--

COPY public."AspNetUserTokens" ("UserId", "LoginProvider", "Name", "Value") FROM stdin;
\.


--
-- Data for Name: AspNetUsers; Type: TABLE DATA; Schema: public; Owner: postgres
--

COPY public."AspNetUsers" ("Id", "UserName", "NormalizedUserName", "Email", "NormalizedEmail", "EmailConfirmed", "PasswordHash", "SecurityStamp", "ConcurrencyStamp", "PhoneNumber", "PhoneNumberConfirmed", "TwoFactorEnabled", "LockoutEnd", "LockoutEnabled", "AccessFailedCount", "FirstName", "LastName") FROM stdin;
390eb5a9-5220-4576-ba6b-50ab5a68995c	\N	\N	12@s.o	\N	f	\N	6eab868a-c380-4349-883b-b442264221e2	32b4d71c-a262-4061-9de0-cfeb2a98cde3	\N	f	f	\N	f	0	\N	\N
3a099ca3-df4c-4bc7-9d5a-a20ac3892ff4	None	NONE	12@s.o	12@S.O	f	AQAAAAIAAYagAAAAEL0vUg3TU0wn3HzZkdQEhk+eBDpf62NCUr4YY7h0tX4pFCF7VPPZXvQ679d6kYYP6w==	IHS236F3AKIXBOEOFKOQO32S6OCW7YBO	082f5c24-0dbb-4349-93c8-da7227d996f6	\N	f	f	\N	t	0	\N	\N
168833b8-192b-4867-919b-4d8d7eeed17c	khav.kurb@gmail.com	KHAV.KURB@GMAIL.COM	khav.kurb@gmail.com	KHAV.KURB@GMAIL.COM	f	AQAAAAIAAYagAAAAEJW3Zfi6vQEUcganAxX+76vtc/o9DDDfpFkQ6pxviBKb79tRD+fY/DIMrD+e72AmEw==	I573DA7IVEVK35UVKCC2YSOQGWFSBIF2	ea020cbd-0092-43f2-957a-6a88159d13fe	\N	f	f	\N	t	0	\N	\N
e8959b32-8258-4a42-91b8-c759bfe3643a	Sexi	SEXI	s@spp	S@SPP	f	AQAAAAIAAYagAAAAEMm6u/Cuxq9HOzpE8m0XHasO4po4zZ4NaUMguQlhMyeawo4Dz9qgkns6eu+9EuEzEw==	65F6D6IJTPW6TBL342SR3NZAJQR7B73Z	45a7a32a-6f46-48a9-b099-7e61086dd6ac	\N	f	f	\N	t	0	popens	marry
414776a4-8e12-45fa-8fbb-d70f21a92feb	Batya	BATYA	khav.kurd@gmail.com	KHAV.KURD@GMAIL.COM	f	AQAAAAIAAYagAAAAEMB9VoXHLi97yZJxdeDpAcYfpRf5iMUGO4sEtAXhqtUedkCg7DjHikzzDWMM7RYXQg==	2VXWUKA2OFRNTSVWKPRYE3TMZGQK5JZ7	20239720-adeb-4507-a82b-0003d90d3608	\N	f	f	\N	t	0	\N	\N
cafada7f-d635-4876-9b7b-57977db15640	Batya2	BATYA2	khav.kurds@g.c	KHAV.KURDS@G.C	f	AQAAAAIAAYagAAAAELqpGQsuyxBb28AGuU5reTKzv7FoxBWVHafFsNC3AWI7v+IuinTpNIFRezqrkaet3Q==	E5SIO6RDDA4GZQJKRV4TNEPLNBR6HFYD	738b5bdf-deb3-4f8d-bd31-13b13c465b04	\N	f	f	\N	t	0	Password12@	\N
1ee532bf-b2c9-4c1f-b5ad-3998c5a93cbe	admin	ADMIN	admin@admin.com	ADMIN@ADMIN.COM	t	AQAAAAIAAYagAAAAEPBF6Zwx9nNJfzesZ2bWgk5REGYWXJ2AttQfBYRpfVm66PADjeTtcf1lZ0VVaHNytA==	P3CYJ5O7D5W7IQJHJIC7KFMAMHFYGMQH	eafcf519-934a-428a-ba5a-07281cfe1f3e	\N	f	f	\N	t	0	\N	\N
d1a67210-0f55-4ff1-a2b5-537a97689c3f	12345	12345	p@p2	P@P2	f	AQAAAAIAAYagAAAAEPA++1DdCfUEzKsbq2o0GaH/gzqbu8lKhnum1AH4GD1ATYV40iulg83QEyMNWQJ5Nw==	YHR4JE6EUUSKO7U7SITPJIVSHD2F5G2B	3b4c33e3-0105-4780-b438-4e158097fb3e	\N	f	f	\N	t	0	\N	\N
1852447d-517d-439b-90b3-0fc6e26b1e90	Berserk	BERSERK	p@p	P@P	t	AQAAAAIAAYagAAAAEGA33mR3M5XbQOfTKv4pXUuec9R8AY1dzBaSXXb+5NO5FPLmcboWa6L3hj3rocUV8Q==	ECDN5VGSS4GXKYJCQDSEGZ6BMF5YYGYY	cd92cd13-8a9a-4e27-8a32-4ba59b2c86ca	\N	f	f	\N	t	0	\N	\N
66538494-70bc-485c-a858-608930f7bd3b	Moderat	MODERAT	M@m	M@M	f	AQAAAAIAAYagAAAAEAgVvLpK6/PI6IqbBpUrpSpQPZ7zDbk6E429owOLEt9/64qtf2TYwVXJ6l0Nm6TTBA==	NLKWABS3PW7JASXN23XUZXHL6CZ3NI5B	05e8823c-7f8f-4e0e-8a16-2188f4f5f8d8	\N	f	f	\N	t	0	loo	lii
7c6fa024-663a-4c2f-ad7f-b45238ba60f0	Bitard	BITARD	bpla@universe.com	BPLA@UNIVERSE.COM	t	AQAAAAIAAYagAAAAEPg74+HfQc2MTPhfffDD6ugoQ+VXuJywRT5gffcLiqvhHPya7+Bk47JUpZvtN0Un6g==	KZS35YHKIN7IGUXAEVKKHN2ZTYGSVFE4	384d5945-c850-45b3-b42f-bfd9178f9c65	\N	f	f	\N	t	0	Anyw	Oper
f5e4e780-1deb-4a44-86f8-c9583817d5fa	Brisket	BRISKET	screwyuguys@gmail.com	SCREWYUGUYS@GMAIL.COM	t	AQAAAAIAAYagAAAAEPy39O+ZgGv2CHY0fqqwx5N1VftvbI781y4nG4woNN4WguntuaTMk7JjJmr15/owEg==	YDEBSS7EAGSRJSGZS7WBKYE6JWI4PUVE	3b7246dc-aa95-4687-a3ae-db1bf12d4b77	\N	f	f	\N	t	0	ИЩЕ	\N
\.


--
-- Data for Name: __EFMigrationsHistory; Type: TABLE DATA; Schema: public; Owner: postgres
--

COPY public."__EFMigrationsHistory" ("MigrationId", "ProductVersion") FROM stdin;
20241015180513_AuthMigration	8.0.10
20241015233437_AuthMigration2	8.0.10
\.


--
-- Name: AspNetRoleClaims_Id_seq; Type: SEQUENCE SET; Schema: public; Owner: postgres
--

SELECT pg_catalog.setval('public."AspNetRoleClaims_Id_seq"', 1, false);


--
-- Name: AspNetUserClaims_Id_seq; Type: SEQUENCE SET; Schema: public; Owner: postgres
--

SELECT pg_catalog.setval('public."AspNetUserClaims_Id_seq"', 1, false);


--
-- Name: AspNetRoleClaims PK_AspNetRoleClaims; Type: CONSTRAINT; Schema: public; Owner: postgres
--

ALTER TABLE ONLY public."AspNetRoleClaims"
    ADD CONSTRAINT "PK_AspNetRoleClaims" PRIMARY KEY ("Id");


--
-- Name: AspNetRoles PK_AspNetRoles; Type: CONSTRAINT; Schema: public; Owner: postgres
--

ALTER TABLE ONLY public."AspNetRoles"
    ADD CONSTRAINT "PK_AspNetRoles" PRIMARY KEY ("Id");


--
-- Name: AspNetUserClaims PK_AspNetUserClaims; Type: CONSTRAINT; Schema: public; Owner: postgres
--

ALTER TABLE ONLY public."AspNetUserClaims"
    ADD CONSTRAINT "PK_AspNetUserClaims" PRIMARY KEY ("Id");


--
-- Name: AspNetUserLogins PK_AspNetUserLogins; Type: CONSTRAINT; Schema: public; Owner: postgres
--

ALTER TABLE ONLY public."AspNetUserLogins"
    ADD CONSTRAINT "PK_AspNetUserLogins" PRIMARY KEY ("LoginProvider", "ProviderKey");


--
-- Name: AspNetUserRoles PK_AspNetUserRoles; Type: CONSTRAINT; Schema: public; Owner: postgres
--

ALTER TABLE ONLY public."AspNetUserRoles"
    ADD CONSTRAINT "PK_AspNetUserRoles" PRIMARY KEY ("UserId", "RoleId");


--
-- Name: AspNetUserTokens PK_AspNetUserTokens; Type: CONSTRAINT; Schema: public; Owner: postgres
--

ALTER TABLE ONLY public."AspNetUserTokens"
    ADD CONSTRAINT "PK_AspNetUserTokens" PRIMARY KEY ("UserId", "LoginProvider", "Name");


--
-- Name: AspNetUsers PK_AspNetUsers; Type: CONSTRAINT; Schema: public; Owner: postgres
--

ALTER TABLE ONLY public."AspNetUsers"
    ADD CONSTRAINT "PK_AspNetUsers" PRIMARY KEY ("Id");


--
-- Name: __EFMigrationsHistory PK___EFMigrationsHistory; Type: CONSTRAINT; Schema: public; Owner: postgres
--

ALTER TABLE ONLY public."__EFMigrationsHistory"
    ADD CONSTRAINT "PK___EFMigrationsHistory" PRIMARY KEY ("MigrationId");


--
-- Name: EmailIndex; Type: INDEX; Schema: public; Owner: postgres
--

CREATE INDEX "EmailIndex" ON public."AspNetUsers" USING btree ("NormalizedEmail");


--
-- Name: IX_AspNetRoleClaims_RoleId; Type: INDEX; Schema: public; Owner: postgres
--

CREATE INDEX "IX_AspNetRoleClaims_RoleId" ON public."AspNetRoleClaims" USING btree ("RoleId");


--
-- Name: IX_AspNetUserClaims_UserId; Type: INDEX; Schema: public; Owner: postgres
--

CREATE INDEX "IX_AspNetUserClaims_UserId" ON public."AspNetUserClaims" USING btree ("UserId");


--
-- Name: IX_AspNetUserLogins_UserId; Type: INDEX; Schema: public; Owner: postgres
--

CREATE INDEX "IX_AspNetUserLogins_UserId" ON public."AspNetUserLogins" USING btree ("UserId");


--
-- Name: IX_AspNetUserRoles_RoleId; Type: INDEX; Schema: public; Owner: postgres
--

CREATE INDEX "IX_AspNetUserRoles_RoleId" ON public."AspNetUserRoles" USING btree ("RoleId");


--
-- Name: RoleNameIndex; Type: INDEX; Schema: public; Owner: postgres
--

CREATE UNIQUE INDEX "RoleNameIndex" ON public."AspNetRoles" USING btree ("NormalizedName");


--
-- Name: UserNameIndex; Type: INDEX; Schema: public; Owner: postgres
--

CREATE UNIQUE INDEX "UserNameIndex" ON public."AspNetUsers" USING btree ("NormalizedUserName");


--
-- Name: AspNetRoleClaims FK_AspNetRoleClaims_AspNetRoles_RoleId; Type: FK CONSTRAINT; Schema: public; Owner: postgres
--

ALTER TABLE ONLY public."AspNetRoleClaims"
    ADD CONSTRAINT "FK_AspNetRoleClaims_AspNetRoles_RoleId" FOREIGN KEY ("RoleId") REFERENCES public."AspNetRoles"("Id") ON DELETE CASCADE;


--
-- Name: AspNetUserClaims FK_AspNetUserClaims_AspNetUsers_UserId; Type: FK CONSTRAINT; Schema: public; Owner: postgres
--

ALTER TABLE ONLY public."AspNetUserClaims"
    ADD CONSTRAINT "FK_AspNetUserClaims_AspNetUsers_UserId" FOREIGN KEY ("UserId") REFERENCES public."AspNetUsers"("Id") ON DELETE CASCADE;


--
-- Name: AspNetUserLogins FK_AspNetUserLogins_AspNetUsers_UserId; Type: FK CONSTRAINT; Schema: public; Owner: postgres
--

ALTER TABLE ONLY public."AspNetUserLogins"
    ADD CONSTRAINT "FK_AspNetUserLogins_AspNetUsers_UserId" FOREIGN KEY ("UserId") REFERENCES public."AspNetUsers"("Id") ON DELETE CASCADE;


--
-- Name: AspNetUserRoles FK_AspNetUserRoles_AspNetRoles_RoleId; Type: FK CONSTRAINT; Schema: public; Owner: postgres
--

ALTER TABLE ONLY public."AspNetUserRoles"
    ADD CONSTRAINT "FK_AspNetUserRoles_AspNetRoles_RoleId" FOREIGN KEY ("RoleId") REFERENCES public."AspNetRoles"("Id") ON DELETE CASCADE;


--
-- Name: AspNetUserRoles FK_AspNetUserRoles_AspNetUsers_UserId; Type: FK CONSTRAINT; Schema: public; Owner: postgres
--

ALTER TABLE ONLY public."AspNetUserRoles"
    ADD CONSTRAINT "FK_AspNetUserRoles_AspNetUsers_UserId" FOREIGN KEY ("UserId") REFERENCES public."AspNetUsers"("Id") ON DELETE CASCADE;


--
-- Name: AspNetUserTokens FK_AspNetUserTokens_AspNetUsers_UserId; Type: FK CONSTRAINT; Schema: public; Owner: postgres
--

ALTER TABLE ONLY public."AspNetUserTokens"
    ADD CONSTRAINT "FK_AspNetUserTokens_AspNetUsers_UserId" FOREIGN KEY ("UserId") REFERENCES public."AspNetUsers"("Id") ON DELETE CASCADE;


--
-- PostgreSQL database dump complete
--

