--
-- PostgreSQL database dump
--

-- Dumped from database version 17.0
-- Dumped by pg_dump version 17.0

SET statement_timeout = 0;
SET lock_timeout = 0;
SET idle_in_transaction_session_timeout = 0;
SET transaction_timeout = 0;
SET client_encoding = 'UTF8';
SET standard_conforming_strings = on;
SELECT pg_catalog.set_config('search_path', '', false);
SET check_function_bodies = false;
SET xmloption = content;
SET client_min_messages = warning;
SET row_security = off;

SET default_tablespace = '';

SET default_table_access_method = heap;

--
-- Name: AspNetRoleClaims; Type: TABLE; Schema: public; Owner: postgres
--

CREATE TABLE public."AspNetRoleClaims" (
    "Id" integer NOT NULL,
    "RoleId" text NOT NULL,
    "ClaimType" text,
    "ClaimValue" text
);


ALTER TABLE public."AspNetRoleClaims" OWNER TO postgres;

--
-- Name: AspNetRoleClaims_Id_seq; Type: SEQUENCE; Schema: public; Owner: postgres
--

ALTER TABLE public."AspNetRoleClaims" ALTER COLUMN "Id" ADD GENERATED BY DEFAULT AS IDENTITY (
    SEQUENCE NAME public."AspNetRoleClaims_Id_seq"
    START WITH 1
    INCREMENT BY 1
    NO MINVALUE
    NO MAXVALUE
    CACHE 1
);


--
-- Name: AspNetRoles; Type: TABLE; Schema: public; Owner: postgres
--

CREATE TABLE public."AspNetRoles" (
    "Id" text NOT NULL,
    "Name" character varying(256),
    "NormalizedName" character varying(256),
    "ConcurrencyStamp" text
);


ALTER TABLE public."AspNetRoles" OWNER TO postgres;

--
-- Name: AspNetUserClaims; Type: TABLE; Schema: public; Owner: postgres
--

CREATE TABLE public."AspNetUserClaims" (
    "Id" integer NOT NULL,
    "UserId" text NOT NULL,
    "ClaimType" text,
    "ClaimValue" text
);


ALTER TABLE public."AspNetUserClaims" OWNER TO postgres;

--
-- Name: AspNetUserClaims_Id_seq; Type: SEQUENCE; Schema: public; Owner: postgres
--

ALTER TABLE public."AspNetUserClaims" ALTER COLUMN "Id" ADD GENERATED BY DEFAULT AS IDENTITY (
    SEQUENCE NAME public."AspNetUserClaims_Id_seq"
    START WITH 1
    INCREMENT BY 1
    NO MINVALUE
    NO MAXVALUE
    CACHE 1
);


--
-- Name: AspNetUserLogins; Type: TABLE; Schema: public; Owner: postgres
--

CREATE TABLE public."AspNetUserLogins" (
    "LoginProvider" text NOT NULL,
    "ProviderKey" text NOT NULL,
    "ProviderDisplayName" text,
    "UserId" text NOT NULL
);


ALTER TABLE public."AspNetUserLogins" OWNER TO postgres;

--
-- Name: AspNetUserRoles; Type: TABLE; Schema: public; Owner: postgres
--

CREATE TABLE public."AspNetUserRoles" (
    "UserId" text NOT NULL,
    "RoleId" text NOT NULL
);


ALTER TABLE public."AspNetUserRoles" OWNER TO postgres;

--
-- Name: AspNetUserTokens; Type: TABLE; Schema: public; Owner: postgres
--

CREATE TABLE public."AspNetUserTokens" (
    "UserId" text NOT NULL,
    "LoginProvider" text NOT NULL,
    "Name" text NOT NULL,
    "Value" text
);


ALTER TABLE public."AspNetUserTokens" OWNER TO postgres;

--
-- Name: AspNetUsers; Type: TABLE; Schema: public; Owner: postgres
--

CREATE TABLE public."AspNetUsers" (
    "Id" text NOT NULL,
    "UserName" character varying(256),
    "NormalizedUserName" character varying(256),
    "Email" character varying(256),
    "NormalizedEmail" character varying(256),
    "EmailConfirmed" boolean NOT NULL,
    "PasswordHash" text,
    "SecurityStamp" text,
    "ConcurrencyStamp" text,
    "PhoneNumber" text,
    "PhoneNumberConfirmed" boolean NOT NULL,
    "TwoFactorEnabled" boolean NOT NULL,
    "LockoutEnd" timestamp with time zone,
    "LockoutEnabled" boolean NOT NULL,
    "AccessFailedCount" integer NOT NULL,
    "FirstName" text,
    "LastName" text
);


ALTER TABLE public."AspNetUsers" OWNER TO postgres;

--
-- Name: __EFMigrationsHistory; Type: TABLE; Schema: public; Owner: postgres
--

CREATE TABLE public."__EFMigrationsHistory" (
    "MigrationId" character varying(150) NOT NULL,
    "ProductVersion" character varying(32) NOT NULL
);


ALTER TABLE public."__EFMigrationsHistory" OWNER TO postgres;

--
-- Data for Name: AspNetRoleClaims; Type: TABLE DATA; Schema: public; Owner: postgres
--

COPY public."AspNetRoleClaims" ("Id", "RoleId", "ClaimType", "ClaimValue") FROM stdin;
\.


--
-- Data for Name: AspNetRoles; Type: TABLE DATA; Schema: public; Owner: postgres
--

COPY public."AspNetRoles" ("Id", "Name", "NormalizedName", "ConcurrencyStamp") FROM stdin;
fd51810e-b4de-4192-ba23-b5b36e24583e	Admin	ADMIN	\N
806fd14f-232e-476a-a4fd-90455202c0fe	Moderator	MODERATOR	\N
b1322bef-0b02-4dbe-a5f9-9237d407fba9	Member	MEMBER	\N
\.


--
-- Data for Name: AspNetUserClaims; Type: TABLE DATA; Schema: public; Owner: postgres
--

COPY public."AspNetUserClaims" ("Id", "UserId", "ClaimType", "ClaimValue") FROM stdin;
\.


--
-- Data for Name: AspNetUserLogins; Type: TABLE DATA; Schema: public; Owner: postgres
--

COPY public."AspNetUserLogins" ("LoginProvider", "ProviderKey", "ProviderDisplayName", "UserId") FROM stdin;
\.


--
-- Data for Name: AspNetUserRoles; Type: TABLE DATA; Schema: public; Owner: postgres
--

COPY public."AspNetUserRoles" ("UserId", "RoleId") FROM stdin;
1ee532bf-b2c9-4c1f-b5ad-3998c5a93cbe	fd51810e-b4de-4192-ba23-b5b36e24583e
3a099ca3-df4c-4bc7-9d5a-a20ac3892ff4	b1322bef-0b02-4dbe-a5f9-9237d407fba9
7c6fa024-663a-4c2f-ad7f-b45238ba60f0	806fd14f-232e-476a-a4fd-90455202c0fe
168833b8-192b-4867-919b-4d8d7eeed17c	b1322bef-0b02-4dbe-a5f9-9237d407fba9
f5e4e780-1deb-4a44-86f8-c9583817d5fa	b1322bef-0b02-4dbe-a5f9-9237d407fba9
1852447d-517d-439b-90b3-0fc6e26b1e90	b1322bef-0b02-4dbe-a5f9-9237d407fba9
cafada7f-d635-4876-9b7b-57977db15640	b1322bef-0b02-4dbe-a5f9-9237d407fba9
414776a4-8e12-45fa-8fbb-d70f21a92feb	b1322bef-0b02-4dbe-a5f9-9237d407fba9
a405c9fd-f810-4e0b-a1b7-518f87b500d2	b1322bef-0b02-4dbe-a5f9-9237d407fba9
c545f4fc-a41b-4a15-a3c0-648ac02adbbb	b1322bef-0b02-4dbe-a5f9-9237d407fba9
d1a67210-0f55-4ff1-a2b5-537a97689c3f	806fd14f-232e-476a-a4fd-90455202c0fe
66538494-70bc-485c-a858-608930f7bd3b	806fd14f-232e-476a-a4fd-90455202c0fe
35c8e41f-c96a-4c3d-8176-87750c21ce56	b1322bef-0b02-4dbe-a5f9-9237d407fba9
40a37a11-121c-4069-a25c-af5403d0b677	b1322bef-0b02-4dbe-a5f9-9237d407fba9
a040f5d2-b88b-4e2a-b680-3397c7379d98	b1322bef-0b02-4dbe-a5f9-9237d407fba9
\.


--
-- Data for Name: AspNetUserTokens; Type: TABLE DATA; Schema: public; Owner: postgres
--

COPY public."AspNetUserTokens" ("UserId", "LoginProvider", "Name", "Value") FROM stdin;
\.


--
-- Data for Name: AspNetUsers; Type: TABLE DATA; Schema: public; Owner: postgres
--

COPY public."AspNetUsers" ("Id", "UserName", "NormalizedUserName", "Email", "NormalizedEmail", "EmailConfirmed", "PasswordHash", "SecurityStamp", "ConcurrencyStamp", "PhoneNumber", "PhoneNumberConfirmed", "TwoFactorEnabled", "LockoutEnd", "LockoutEnabled", "AccessFailedCount", "FirstName", "LastName") FROM stdin;
1ee532bf-b2c9-4c1f-b5ad-3998c5a93cbe	admin	ADMIN	admin@admin.com	ADMIN@ADMIN.COM	t	AQAAAAIAAYagAAAAEPBF6Zwx9nNJfzesZ2bWgk5REGYWXJ2AttQfBYRpfVm66PADjeTtcf1lZ0VVaHNytA==	P3CYJ5O7D5W7IQJHJIC7KFMAMHFYGMQH	eafcf519-934a-428a-ba5a-07281cfe1f3e	\N	f	f	\N	t	0	\N	\N
cafada7f-d635-4876-9b7b-57977db15640	jamesdavis16	JAMESDAVIS16	james.davis@example.com	JAMES.DAVIS@EXAMPLE.COM	f	AQAAAAIAAYagAAAAELqpGQsuyxBb28AGuU5reTKzv7FoxBWVHafFsNC3AWI7v+IuinTpNIFRezqrkaet3Q==	E5SIO6RDDA4GZQJKRV4TNEPLNBR6HFYD	4b276d1d-208c-4c38-a409-14a9a6cf705b	+1-711-940-6340	f	f	\N	t	0	James	Davis
35c8e41f-c96a-4c3d-8176-87750c21ce56	sharp_dragon889	SHARP_DRAGON889	wild_lion.yuliamorozov@webhero.org	WILD_LION.YULIAMOROZOV@WEBHERO.ORG	f	AQAAAAIAAYagAAAAEFsanI4qR8/ZPzZSViMgaRb5OvC4t63KKkV+N5wmp+uO5YUJr4AFtpAzQ1hszRhZog==	UQDJGSFVE7KCLZMTLZ6BBTKFOBQ2AEEO	1e31687c-34ec-4b97-93b8-aa59f4a621e6	+1-675-493-8162	f	f	\N	t	0	Юлия	Морозова
414776a4-8e12-45fa-8fbb-d70f21a92feb	roberttaylor91	ROBERTTAYLOR91	robert.taylor@gmail.com	ROBERT.TAYLOR@GMAIL.COM	f	AQAAAAIAAYagAAAAEMB9VoXHLi97yZJxdeDpAcYfpRf5iMUGO4sEtAXhqtUedkCg7DjHikzzDWMM7RYXQg==	2VXWUKA2OFRNTSVWKPRYE3TMZGQK5JZ7	2697e0e1-1c56-46be-8695-a7131d7c8c75	+1-539-842-3945	f	f	\N	t	0	Robert	Taylor
168833b8-192b-4867-919b-4d8d7eeed17c	oliviajones93	OLIVIAJONES93	olivia.jones@hotmail.com	OLIVIA.JONES@HOTMAIL.COM	f	AQAAAAIAAYagAAAAEJW3Zfi6vQEUcganAxX+76vtc/o9DDDfpFkQ6pxviBKb79tRD+fY/DIMrD+e72AmEw==	I573DA7IVEVK35UVKCC2YSOQGWFSBIF2	63097c2f-40d9-4ead-9934-e85663142f0f	+1-303-215-7009	f	f	\N	t	0	Olivia	Jones
d1a67210-0f55-4ff1-a2b5-537a97689c3f	sophiasmith33	SOPHIASMITH33	sophia.smith@yahoo.com	SOPHIA.SMITH@YAHOO.COM	f	AQAAAAIAAYagAAAAEPA++1DdCfUEzKsbq2o0GaH/gzqbu8lKhnum1AH4GD1ATYV40iulg83QEyMNWQJ5Nw==	YHR4JE6EUUSKO7U7SITPJIVSHD2F5G2B	46d329b5-3f84-487f-beea-591b46552476	+1-654-991-8234	f	f	\N	t	0	Sophia	Smith
40a37a11-121c-4069-a25c-af5403d0b677	FAIRless	FAIRLESS	wild_wolf.sergeypopov@awesome.net	WILD_WOLF.SERGEYPOPOV@AWESOME.NET	f	AQAAAAIAAYagAAAAEIkWWkKoaY05Zmc+XaaXPngnppx9CpHNf4tVS5thcbtOGMSWlIRtsYGlx+DURQa1Lg==	K62MMV2AIS7GVMTQ6VJG2PYFZ56FHX44	8029fa8e-d72d-4d8f-bb25-2e24219dfff9	+1-306-877-8055	f	f	\N	t	0	Сергей	Попов
3a099ca3-df4c-4bc7-9d5a-a20ac3892ff4	Robotik	ROBOTIK	robo@adress.com	ROBO@ADRESS.COM	f	AQAAAAIAAYagAAAAEL0vUg3TU0wn3HzZkdQEhk+eBDpf62NCUr4YY7h0tX4pFCF7VPPZXvQ679d6kYYP6w==	IHS236F3AKIXBOEOFKOQO32S6OCW7YBO	7cba42b2-27eb-4845-b5d1-f6bf1e4a863f	+1(234)345-33-23	f	f	\N	t	0	Adam	Sandler
f5e4e780-1deb-4a44-86f8-c9583817d5fa	johnwilson45	JOHNWILSON45	john.wilson@hotmail.com	JOHN.WILSON@HOTMAIL.COM	t	AQAAAAIAAYagAAAAEPy39O+ZgGv2CHY0fqqwx5N1VftvbI781y4nG4woNN4WguntuaTMk7JjJmr15/owEg==	YDEBSS7EAGSRJSGZS7WBKYE6JWI4PUVE	36f41de6-e4b0-41c2-a145-2a3a178b76f5	+1-458-230-3720	f	f	\N	t	0	John	Wilson
7c6fa024-663a-4c2f-ad7f-b45238ba60f0	Pralltiller	PRALLTILLER	bpla@universe.com	BPLA@UNIVERSE.COM	t	AQAAAAIAAYagAAAAEPg74+HfQc2MTPhfffDD6ugoQ+VXuJywRT5gffcLiqvhHPya7+Bk47JUpZvtN0Un6g==	KZS35YHKIN7IGUXAEVKKHN2ZTYGSVFE4	1cec6333-8dbd-4aec-a982-62d007bc6253	+9(203)234-33-11	f	f	\N	t	0	Ana	Cram
1852447d-517d-439b-90b3-0fc6e26b1e90	emmawilliams14	EMMAWILLIAMS14	emma.williams@example.com	EMMA.WILLIAMS@EXAMPLE.COM	t	AQAAAAIAAYagAAAAEGA33mR3M5XbQOfTKv4pXUuec9R8AY1dzBaSXXb+5NO5FPLmcboWa6L3hj3rocUV8Q==	ECDN5VGSS4GXKYJCQDSEGZ6BMF5YYGYY	04077602-3e14-4d24-a4cf-8f2bf5c22544	+1-392-291-5234	f	f	\N	t	0	Emma	Williams
a405c9fd-f810-4e0b-a1b7-518f87b500d2	brave_wolf805	BRAVE_WOLF805	silent_viper.alekseysokolov@cloud.net	SILENT_VIPER.ALEKSEYSOKOLOV@CLOUD.NET	f	AQAAAAIAAYagAAAAEBQJ4u4V4lt4PnvVR6XcRFaSZegkEKr6o9ffL1Oo6dfWsSb90x0M13v8nVFx3QcXzg==	OA4H425JABQVDXNMUOEFFAFCPTBROIZX	ed3b1934-f5db-4349-b2c5-c7c2b3e6f1e4	+1-795-819-3636	f	f	\N	t	0	Ольга	Новикова
c545f4fc-a41b-4a15-a3c0-648ac02adbbb	mighty_panther406	MIGHTY_PANTHER406	fearless_lion.dmitriyzakharova@awesome.net	FEARLESS_LION.DMITRIYZAKHAROVA@AWESOME.NET	f	AQAAAAIAAYagAAAAENpz8JKu4EPqp1ydWNzsSexeziJ3zDI1Zc53Hd07DhBOBZThWXiPQPIsUcA7rmKZkQ==	X6EYDOZ24WL3EKHV4HQ3UKKMU2X2LFOA	cb7868e7-774c-417c-be19-fffb223394c2	+1-476-275-1346	f	f	\N	t	0	Дмитрий	Захарова
66538494-70bc-485c-a858-608930f7bd3b	emmajohnson57	EMMAJOHNSON57	emma.johnson@example.com	EMMA.JOHNSON@EXAMPLE.COM	f	AQAAAAIAAYagAAAAEAgVvLpK6/PI6IqbBpUrpSpQPZ7zDbk6E429owOLEt9/64qtf2TYwVXJ6l0Nm6TTBA==	NLKWABS3PW7JASXN23XUZXHL6CZ3NI5B	280037f4-7817-4705-a1a4-fe1f0298262c	+1-347-651-2947	f	f	\N	t	0	Emma	Johnson
a040f5d2-b88b-4e2a-b680-3397c7379d98	brave_viper910	BRAVE_VIPER910	wild_lion.ivankuznetsova@awesome.net	WILD_LION.IVANKUZNETSOVA@AWESOME.NET	f	AQAAAAIAAYagAAAAENwQGN/+Ph37y6lbYnE9ENc3+6K+u3wg++sNHOm4EEaTB282LRRwXJr5QCwG/29e8Q==	TSD6GYGJ7BEOUMENMNEVCPWH7UX4CSQ4	54363f92-0760-4f54-b896-2f5d97f759f5	+1-736-575-7174	f	f	\N	t	0	Иван	Кузнецова
\.


--
-- Data for Name: __EFMigrationsHistory; Type: TABLE DATA; Schema: public; Owner: postgres
--

COPY public."__EFMigrationsHistory" ("MigrationId", "ProductVersion") FROM stdin;
20241015180513_AuthMigration	8.0.10
20241015233437_AuthMigration2	8.0.10
\.


--
-- Name: AspNetRoleClaims_Id_seq; Type: SEQUENCE SET; Schema: public; Owner: postgres
--

SELECT pg_catalog.setval('public."AspNetRoleClaims_Id_seq"', 1, false);


--
-- Name: AspNetUserClaims_Id_seq; Type: SEQUENCE SET; Schema: public; Owner: postgres
--

SELECT pg_catalog.setval('public."AspNetUserClaims_Id_seq"', 1, false);


--
-- Name: AspNetRoleClaims PK_AspNetRoleClaims; Type: CONSTRAINT; Schema: public; Owner: postgres
--

ALTER TABLE ONLY public."AspNetRoleClaims"
    ADD CONSTRAINT "PK_AspNetRoleClaims" PRIMARY KEY ("Id");


--
-- Name: AspNetRoles PK_AspNetRoles; Type: CONSTRAINT; Schema: public; Owner: postgres
--

ALTER TABLE ONLY public."AspNetRoles"
    ADD CONSTRAINT "PK_AspNetRoles" PRIMARY KEY ("Id");


--
-- Name: AspNetUserClaims PK_AspNetUserClaims; Type: CONSTRAINT; Schema: public; Owner: postgres
--

ALTER TABLE ONLY public."AspNetUserClaims"
    ADD CONSTRAINT "PK_AspNetUserClaims" PRIMARY KEY ("Id");


--
-- Name: AspNetUserLogins PK_AspNetUserLogins; Type: CONSTRAINT; Schema: public; Owner: postgres
--

ALTER TABLE ONLY public."AspNetUserLogins"
    ADD CONSTRAINT "PK_AspNetUserLogins" PRIMARY KEY ("LoginProvider", "ProviderKey");


--
-- Name: AspNetUserRoles PK_AspNetUserRoles; Type: CONSTRAINT; Schema: public; Owner: postgres
--

ALTER TABLE ONLY public."AspNetUserRoles"
    ADD CONSTRAINT "PK_AspNetUserRoles" PRIMARY KEY ("UserId", "RoleId");


--
-- Name: AspNetUserTokens PK_AspNetUserTokens; Type: CONSTRAINT; Schema: public; Owner: postgres
--

ALTER TABLE ONLY public."AspNetUserTokens"
    ADD CONSTRAINT "PK_AspNetUserTokens" PRIMARY KEY ("UserId", "LoginProvider", "Name");


--
-- Name: AspNetUsers PK_AspNetUsers; Type: CONSTRAINT; Schema: public; Owner: postgres
--

ALTER TABLE ONLY public."AspNetUsers"
    ADD CONSTRAINT "PK_AspNetUsers" PRIMARY KEY ("Id");


--
-- Name: __EFMigrationsHistory PK___EFMigrationsHistory; Type: CONSTRAINT; Schema: public; Owner: postgres
--

ALTER TABLE ONLY public."__EFMigrationsHistory"
    ADD CONSTRAINT "PK___EFMigrationsHistory" PRIMARY KEY ("MigrationId");


--
-- Name: EmailIndex; Type: INDEX; Schema: public; Owner: postgres
--

CREATE INDEX "EmailIndex" ON public."AspNetUsers" USING btree ("NormalizedEmail");


--
-- Name: IX_AspNetRoleClaims_RoleId; Type: INDEX; Schema: public; Owner: postgres
--

CREATE INDEX "IX_AspNetRoleClaims_RoleId" ON public."AspNetRoleClaims" USING btree ("RoleId");


--
-- Name: IX_AspNetUserClaims_UserId; Type: INDEX; Schema: public; Owner: postgres
--

CREATE INDEX "IX_AspNetUserClaims_UserId" ON public."AspNetUserClaims" USING btree ("UserId");


--
-- Name: IX_AspNetUserLogins_UserId; Type: INDEX; Schema: public; Owner: postgres
--

CREATE INDEX "IX_AspNetUserLogins_UserId" ON public."AspNetUserLogins" USING btree ("UserId");


--
-- Name: IX_AspNetUserRoles_RoleId; Type: INDEX; Schema: public; Owner: postgres
--

CREATE INDEX "IX_AspNetUserRoles_RoleId" ON public."AspNetUserRoles" USING btree ("RoleId");


--
-- Name: RoleNameIndex; Type: INDEX; Schema: public; Owner: postgres
--

CREATE UNIQUE INDEX "RoleNameIndex" ON public."AspNetRoles" USING btree ("NormalizedName");


--
-- Name: UserNameIndex; Type: INDEX; Schema: public; Owner: postgres
--

CREATE UNIQUE INDEX "UserNameIndex" ON public."AspNetUsers" USING btree ("NormalizedUserName");


--
-- Name: AspNetRoleClaims FK_AspNetRoleClaims_AspNetRoles_RoleId; Type: FK CONSTRAINT; Schema: public; Owner: postgres
--

ALTER TABLE ONLY public."AspNetRoleClaims"
    ADD CONSTRAINT "FK_AspNetRoleClaims_AspNetRoles_RoleId" FOREIGN KEY ("RoleId") REFERENCES public."AspNetRoles"("Id") ON DELETE CASCADE;


--
-- Name: AspNetUserClaims FK_AspNetUserClaims_AspNetUsers_UserId; Type: FK CONSTRAINT; Schema: public; Owner: postgres
--

ALTER TABLE ONLY public."AspNetUserClaims"
    ADD CONSTRAINT "FK_AspNetUserClaims_AspNetUsers_UserId" FOREIGN KEY ("UserId") REFERENCES public."AspNetUsers"("Id") ON DELETE CASCADE;


--
-- Name: AspNetUserLogins FK_AspNetUserLogins_AspNetUsers_UserId; Type: FK CONSTRAINT; Schema: public; Owner: postgres
--

ALTER TABLE ONLY public."AspNetUserLogins"
    ADD CONSTRAINT "FK_AspNetUserLogins_AspNetUsers_UserId" FOREIGN KEY ("UserId") REFERENCES public."AspNetUsers"("Id") ON DELETE CASCADE;


--
-- Name: AspNetUserRoles FK_AspNetUserRoles_AspNetRoles_RoleId; Type: FK CONSTRAINT; Schema: public; Owner: postgres
--

ALTER TABLE ONLY public."AspNetUserRoles"
    ADD CONSTRAINT "FK_AspNetUserRoles_AspNetRoles_RoleId" FOREIGN KEY ("RoleId") REFERENCES public."AspNetRoles"("Id") ON DELETE CASCADE;


--
-- Name: AspNetUserRoles FK_AspNetUserRoles_AspNetUsers_UserId; Type: FK CONSTRAINT; Schema: public; Owner: postgres
--

ALTER TABLE ONLY public."AspNetUserRoles"
    ADD CONSTRAINT "FK_AspNetUserRoles_AspNetUsers_UserId" FOREIGN KEY ("UserId") REFERENCES public."AspNetUsers"("Id") ON DELETE CASCADE;


--
-- Name: AspNetUserTokens FK_AspNetUserTokens_AspNetUsers_UserId; Type: FK CONSTRAINT; Schema: public; Owner: postgres
--

ALTER TABLE ONLY public."AspNetUserTokens"
    ADD CONSTRAINT "FK_AspNetUserTokens_AspNetUsers_UserId" FOREIGN KEY ("UserId") REFERENCES public."AspNetUsers"("Id") ON DELETE CASCADE;


--
-- PostgreSQL database dump complete
--

